,datePublished,ticker,title,description
0,2020-06-23T13:22:54Z,NASDAQ,Luckin Coffee discloses that the Nasdaq really wants it gone,"It’s the company that just can’t catch a break! In a new SEC filing this morning Luckin Coffee, the embattled China-based and American-listed coffee chain that has become embroiled in scandal, announced that the Nasdaq really wants it gone. According to the f…"
1,2020-06-26T21:40:09Z,NASDAQ,"Luckin Coffee’s board is forcing out its chairman (also, chairman is forcing out the rest of the board)","Sometimes you can’t just get a [L]uckin’ break. After announcing this morning that it is ending its fight to stay listed on Nasdaq, China-based coffee chain and delivery company Luckin Coffee announced that it is requiring that its chairman, Lu Zhengyao, resi…"
2,2020-06-24T14:14:16Z,NASDAQ,Unpacking the nCino and GoHealth IPO filings,"Expect more as companies try to thread the needle and get out while the Nasdaq is over 10,000."
3,2020-06-23T12:36:00Z,NASDAQ,Luckin gets another de-listing notice from Nasdaq - Reuters,Luckin Coffee Inc disclosed on Tuesday it received a de-listing notice from the Nasdaq Inc last week after the Chinese coffee chain failed to file its annual report.
4,2020-06-23T22:49:01Z,NASDAQ,"Economic hope, tech love lift Nasdaq to record - Reuters",Tech stocks continued to outshine the broader market amid widespread hopes the worst is over for the economy.  Conway G. Gittens has the numbers.
5,2020-07-02T21:29:00Z,NASDAQ,BRIEF-miRagen Regains Compliance With NASDAQ Listing Requirements - Reuters,BRIEF-miRagen Regains Compliance With NASDAQ Listing Requirements  Reuters
6,2020-07-01T21:51:07Z,NASDAQ,"S&P, Nasdaq rally on vaccination hopes - Reuters UK",The S&P 500 and Nasdaq closed higher Wednesday to kick off the third quarter as increasing optimism for a safe and effective COVID-19 vaccine eased concerns that another round of business lockdowns was likely. Fred Katayama reports.
7,2020-06-10T15:39:33Z,NASDAQ,"Tesla is ready to mass-produce the Semi, Elon Musk says","For years, Elon Musk has been touting the Tesla Semi, an electric big-rig meant for hauling cargo. Now, in an email to staff, Musk said it’s time to prepare the Tesla Semi for “volume production.”“It’s time to go all out and bring the Tesla Semi to volume pro…"
8,2020-06-23T21:46:00Z,NASDAQ,BRIEF-Amryt Pharma Says Publicly Files Registration Statement For Impending U.S. Listing On Nasdaq - Reuters,BRIEF-Amryt Pharma Says Publicly Files Registration Statement For Impending U.S. Listing On Nasdaq  Reuters
9,2020-06-23T22:47:00Z,NASDAQ,BRIEF-Amryt Pharma Files Preliminary Prospectus Related To Listing Of 32.6 Mln ADSS On The Nasdaq - Reuters,BRIEF-Amryt Pharma Files Preliminary Prospectus Related To Listing Of 32.6 Mln ADSS On The Nasdaq  Reuters
10,2020-07-02T22:34:00Z,NASDAQ,BRIEF-Sun BioPharma Applies To List Shares Of Common Stock On NASDAQ Capital Market Under Symbol 'SNBP' - Reuters,BRIEF-Sun BioPharma Applies To List Shares Of Common Stock On NASDAQ Capital Market Under Symbol 'SNBP'  Reuters
11,2020-07-01T01:40:00Z,NASDAQ,BRIEF-Avita Medical Says Co's U.S. Shares Of Common Stock Commenced Trading On Nasdaq Stock Market - Reuters,BRIEF-Avita Medical Says Co's U.S. Shares Of Common Stock Commenced Trading On Nasdaq Stock Market  Reuters
12,2020-06-24T15:33:00Z,NASDAQ,COLUMN-Runaway Nasdaq: A reason for caution is in the charts - Reuters,"Since hitting intraday lows on
March 23, the Nasdaq Composite index has rebounded and
pulled ahead of the S&P 500, but a technical market
analysis suggests that the tech-laden index may be vulnerable to
a deep retreat. 
    Investors have piled into big techn…"
13,2020-06-25T05:11:00Z,NASDAQ,"Crescent Acquisition to buy fitness chain F45, merged firm to trade on Nasdaq - Reuters","Crescent Acquisition Corp, a special purpose acquisition firm, said it would buy Australian fitness chain F45 Training in a deal that values the combined company at $845 million, including debt."
14,2020-06-24T15:38:00Z,NASDAQ,Column: Runaway Nasdaq - A reason for caution is in the charts - Reuters UK,"Since hitting intraday lows on March 23, the Nasdaq Composite index has rebounded and pulled ahead of the S&P 500, but a technical market analysis suggests that the tech-laden index may be vulnerable to a deep retreat."
15,2020-06-23T20:01:00Z,NASDAQ,"US STOCKS-Wall Street ends higher on recovery hopes, Nasdaq hits another record - Reuters UK","Wall Street's three major indexes *closed higher* on Tuesday as improving economic data and the prospect of more stimulus bolstered hopes of a swift recovery, while a jump in technology shares powered the Nasdaq to another record high."
16,2020-06-26T14:14:00Z,NASDAQ,Nasdaq to suspend trading of Luckin Coffee shares from Monday - Reuters India,Luckin Coffee Inc said on Friday its shares would be suspended from trading on the Nasdaq from next week as it withdrew a request for a hearing with the U.S. stock exchange on the delisting notice.
17,2020-07-01T20:33:06Z,NASDAQ,"US STOCKS-S&P, Nasdaq close higher on vaccine hopes, improving data - Reuters.com",U.S. stocks closed higher on Wednesday to kick off the third quarter as increasing optimism for a safe and effective COVID-19 vaccine eased concerns that another round of business lockdowns was likely despite a climb in coronavirus cases in the United States.
18,2020-06-26T13:39:00Z,NASDAQ,Luckin shares to be suspended on Monday - Reuters India,Luckin Coffee Inc said on Friday Nasdaq Inc notified the Chinese coffee chain that its shares would be suspended at the open on Monday.
19,2020-06-26T13:48:52Z,NASDAQ,Luckin shares to be suspended on Monday - Reuters,Luckin Coffee Inc said on Friday its shares would be suspended from trading on the Nasdaq from next week as it withdrew a request for a hearing with the U.S. stock exchange on the delisting notice.
20,2020-06-29T11:08:00Z,Dow Jones,"US STOCKS-S&P, Dow futures edge higher on stimulus, rebound hopes - Reuters UK",Futures tracking the S&P 500 and the Dow Jones indexes edged higher on Monday following a selloff on Wall Street last week as investors weighed hopes of more stimulus and improving data against a resurgence in global coronavirus cases.
21,2020-06-29T11:12:00Z,Dow Jones,"S&P, Dow futures edge higher on stimulus, rebound hopes - Reuters",Futures tracking the S&P 500 and the Dow Jones indexes edged higher on Monday following a selloff on Wall Street last week as investors weighed hopes of more stimulus and improving data against a resurgence in global coronavirus cases.
22,2020-07-01T14:15:15Z,Dow Jones,"Dow Jones Today Leads Stocks Higher: Pfizer Surges On Vaccine News, United Airlines Triples Capacity - Investor's Business Daily","<ol><li>Dow Jones Today Leads Stocks Higher: Pfizer Surges On Vaccine News, United Airlines Triples Capacity  Investor's Business Daily
</li><li>The economy is falling apart but Wall Street had its best quarter in decades  CNN
</li><li>Dow Jones May Rise on…"
23,2020-06-29T12:26:00Z,Dow Jones,Dow Jones Industrial Average Rises as Boeing Tests Flight Trumps Coronavirus - Barron's,"<ol><li>Dow Jones Industrial Average Rises as Boeing Tests Flight Trumps Coronavirus  Barron's
</li><li>S&P 500 turns negative, but Boeing keeps the Dow in the green  CNBC
</li><li>Stocks - U.S. Futures Seen Mixed; Boeing in Spotlight  Investing.com
</li><…"
24,2020-06-16T14:02:39Z,Dow Jones,Stocks Soar After Strong Retail Sales And Reported Trump Infrastructure Plan,The Dow Jones Industrial Average surges after reports that retail sales rebounded strongly in May and that the Trump administration is preparing an infrastructure plan to boost the economy.
25,2020-06-30T14:21:00Z,Dow Jones,"Virus fears keep S&P 500, Dow subdued after strong quarterly rebound - Reuters India",The S&P 500 and Dow Jones indexes were muted at the open on Tuesday as coronavirus-related worries and simmering U.S.-China tensions weighed on sentiment at the end of what is expected to be the S&P 500's best quarter since 1998.
26,2020-07-02T10:02:00Z,Dow Jones,Wall St Week Ahead-Clouds may be parting for dividend investors - Reuters,"U.S. companies are cutting their dividends less than investors anticipated, providing a potential boost to a stock market rally that has clashed with concerns over a recent surge in coronavirus infections."
27,2020-06-29T09:02:42Z,Dow Jones,"Premarket: North American futures edge higher on stimulus, rebound hopes - The Globe and Mail","<ol><li>Premarket: North American futures edge higher on stimulus, rebound hopes  The Globe and Mail
</li><li>Dow jumps more than 200 points as Boeing shares surge  CNBC
</li><li>Hedge Funds Are Rushing to Get Out of Bearish U.S. Stock Bets  Yahoo Canada Fi…"
28,2020-06-16T13:12:02Z,Dow Jones,"Dow Jones Today Leads Premarket Rally, Caterpillar Gets A White House Boost; Tencent Takes Stake In iQiyi - Investor's Business Daily","<ol><li>Dow Jones Today Leads Premarket Rally, Caterpillar Gets A White House Boost; Tencent Takes Stake In iQiyi  Investor's Business Daily
</li><li>Stock futures spike on report Trump prepping $1T infrastructure plan, record retail sales  Fox Business
</l…"
29,2020-06-25T13:36:00Z,Dow Jones,"US STOCKS SNAPSHOT-Wall St opens lower on rising virus cases, elevated jobless claims - Reuters","Wall Street main indexes opened lower on Thursday following their worst day in two weeks, as investors were unnerved by an alarming rise in new coronavirus cases and an elevated weekly jobless claims number."
30,2020-06-26T13:33:00Z,Dow Jones,"US STOCKS SNAPSHOT-Wall Street falls at open as virus cases surge, banks fall - Reuters UK",Wall Street's main indexes opened lower on Friday as the United States set a new record for a one-day increase in coronavirus cases and bank stocks fell following the Federal Reserve's move to cap shareholder payouts.
31,2020-07-02T13:36:00Z,Dow Jones,US STOCKS SNAPSHOT-Wall St jumps at open as U.S. job growth accelerates - Reuters,"Wall Street's main indexes opened higher on Thursday, with the Nasdaq hitting a record high, as data showed the U.S. economy added jobs at a record pace in June, bolstering hopes of a post-pandemic economic rebound."
32,2020-06-29T13:40:00Z,Dow Jones,"Wall Street opens higher on hopes of stimulus, rebound - Reuters India",Wall Street's main indexes opened higher on Monday following a selloff last week as investors weighed hopes of more stimulus and improving data against a resurgence in global coronavirus cases.
33,2020-07-02T13:39:00Z,Dow Jones,US STOCKS SNAPSHOT-Wall St jumps at open as U.S. job growth accelerates - Reuters UK,"Wall Street's main indexes opened higher on Thursday, with the Nasdaq hitting a record high, as data showed the U.S. economy added jobs at a record pace in June, bolstering hopes of a post-pandemic economic rebound."
34,2020-06-11T15:33:00Z,Dow Jones,"S&P/TSX composite plunges, while U.S. stocks also sink; Loonie steps lower - Yahoo Canada Finance","<ol><li>S&P/TSX composite plunges, while U.S. stocks also sink; Loonie steps lower  Yahoo Canada Finance
</li><li>TSX drops over 650 points, Dow more than 1500 on fears of new virus wave, Fed's cautious outlook  The Globe and Mail
</li><li>Why I Just Sold 2…"
35,2020-06-24T10:50:00Z,Dow Jones,US STOCKS-Futures fall as U.S. states rush to contain virus flare-ups - Reuters,U.S. stock index futures dropped on Wednesday as investors shunned risky bets with many U.S. states scrambling to fight a spike in coronavirus infections.
36,2020-06-24T10:54:00Z,Dow Jones,Stock futures fall as U.S. states rush to contain virus flare-ups - Reuters Canada,U.S. stock index futures dropped on Wednesday as investors shunned risky bets with many U.S. states scrambling to fight a spike in coronavirus infections.
37,2020-06-24T11:39:00Z,Dow Jones,TSX futures fall on weaker oil prices - Reuters Canada,"Canada's main stock index future fell on Wednesday, weighed down by weaker oil prices as worries about a second wave of COVID-19 infections and record high inventories outweighed signs of a recovery in fuel demand."
38,2020-06-25T11:35:00Z,Dow Jones,TSX futures drop on weaker oil prices - Reuters Canada,"Canada's main stock index futures fell on Thursday, dragged by weaker oil prices, as record-high U.S. crude stock and an upsurge in global COVID-19 cases dented hopes of recovery in fuel demand."
39,2020-06-23T11:32:00Z,Dow Jones,TSX futures rise on higher oil prices - Reuters Canada,"Canada's main stock index future rose on Tuesday, helped by rising oil prices, while U.S. President Donald Trump's assurance on the trade deal with Beijing further bolstered sentiment."
40,2020-06-24T17:55:09Z,S&P 500,NHTSA investigates Tesla Model S touchscreen failures,"The US National Highway Traffic Safety Administration is investigating older models of the Tesla Model S over complaints that the electric vehicle’s touchscreen -- and as a result, its rearview camera display -- failed. The agency opened an investigation Mond…"
41,2020-06-04T18:00:00Z,S&P 500,How to Quickly Remove Windows 10's New Cortana App,"The new Windows 10 Version 2004 update is slowly rolling out to compatabile devices, though some users will be waiting for it a little longer. The update brings several new features to the OS, including an all-new version of Microsoft’s digital assistant, Cor…"
42,2020-07-02T07:31:47Z,S&P 500,Windows 10's Start menu is getting a visual refresh,"Microsoft has rolled out the latest Windows 10 Insider Preview build, giving us a glimpse of a new Start menu that was redesigned to look cleaner and more coherent. Insiders in the Dev Channel will now have access to a refreshed menu that no longer uses solid…"
43,2020-06-18T13:00:00Z,S&P 500,How to Disable Bing Search in Windows 10's Start Menu,"I previously used a clever hack to block Bing from appearing in Windows 10's built-in search results, but reinstalling the OS and patching it with the May 2020 update brought Bing back. I’m not against anyone who wants this experience baked into their operati…"
44,2020-06-15T12:29:43Z,S&P 500,The PS5's dashboard will have ‘a whole new visual language’,"The PlayStation 5 was finally unveiled last week and whatever you make of the design, we can probably agree that it’s something of a departure from the console’s previous iterations. Now, PlayStation’s head of UX design has said we can expect the same for its…"
45,2020-06-12T13:57:33Z,S&P 500,Disney+'s 'Artemis Fowl' is a criminal waste of time,"In a summer without blockbuster movies, you may be tempted to check out Artemis Fowl.
It looks like the kind of splashy escapism you'd have caught in a theater in a more normal year — in fact, it was supposed to be that, until the pandemic forced Disney to mo…"
46,2020-06-22T18:13:16Z,S&P 500,watchOS 7’s ‘Face Sharing’ feature can help custom watch faces go viral,"Apple at its Worldwide Developers Conference this morning announced a much-requested feature for Apple Watch: the ability to customize and share third-party watch faces with others. There are now over 20,000 Watch apps available on the Apple Watch App Store, …"
47,2020-06-30T21:00:35Z,S&P 500,Apple device management company Jamf files S-1 as it prepares to go public,"Jamf, the Apple device management company, filed to go public today. Jamf might not be a household name, but the Minnesota company has been around since 2002 helping companies manage their Apple equipment. In the early days, that was Apple computers. Later it…"
48,2020-06-10T17:15:00Z,S&P 500,Five new features Android 11 borrows from the iPhone,"Android 11’s public beta shows off several new features coming to Google’s operating system that are borrowed from Apple’s iOS, including new system-level smart home controls, better screenshot editing, and improved permission controls."
49,2020-06-28T16:00:00Z,S&P 500,Use this Free AAA Map to Get Updated Travel Restrictions in Each State,"Before the days of GPS and smartphones, the American Automobile Association (AAA)’s TripTik was the way to plan and navigate your road trip. In fact, it’s been a travel staple for more than a century. There are updated, digital versions of TripTiks available …"
50,2020-06-11T20:39:58Z,S&P 500,"‘Gran Turismo 7’ is coming to PlayStation 5, someday","Gran Turismo is a staple of the PlayStation lineup. The driving sim serves as a showcase for Sony’s console technology, so it’s fitting enough that the seventh entry into the series will likely be an early PS5 title. During Sony’s PS5 event, the company tease…"
51,2020-06-17T23:28:49Z,S&P 500,Last of Us Part 2: Creators say diversity in games ‘essential’,Newsbeat's gaming reporter Steffan Powell speaks to the director and lead actor of 2020's most anticipated video game
52,2020-06-16T07:03:26Z,S&P 500,North Korea 'blows up joint liaison office' with South,"North Korea blows up joint liaison office with the South in border town of Kaesong, S Korean officials say"
53,2020-06-18T12:00:02Z,S&P 500,What does the PS5's design mean for the PSVR 2's design?,"A clear ancestral lineage can be drawn from the two.



Last week, Sony officially unveiled the PS5's design and several games being developed for the next-generation gaming console. As expected, though, Sony did not unveil the second-generation PlayStation V…"
54,2020-06-24T18:05:15Z,S&P 500,"Tesla Model S touchscreen problem could affect up to 63,000 cars","Some of Tesla's older touchscreens are blinking out. 
The National Highway Traffic Safety Administration has received 11 complaints in the past year about the touchscreen in Tesla Model S cars from 2012 to 2015. In response, the NHTSA opened a preliminary eva…"
55,2020-07-01T18:47:05Z,S&P 500,One wild chart shows the intensity of 2020's Arctic fires,"Read more...

{""player"":{""description"":""\""There are two parts of wildfire smoke: the stuff you can see, and the stuff you can't.\""\n"",""image"":""https://mondrian.mashable.com/uploads%252Fvideo_uploaders%252Fdistribution_thumb%252Fimage%252F94264%252Ff5d3dfe5-7…"
56,2020-06-12T10:36:46Z,S&P 500,Mayor Muriel Bowser on how D.C.'s stunning Black Lives Matter mural came about,"By now, you'll have likely seen the stunning photos of Washington D.C.'s Black Lives Matter mural on a road leading up to the White House.
Amid nationwide protests after the police killing of George Floyd, a group of people were spotted painting the words ""Bl…"
57,2020-06-19T12:00:00Z,S&P 500,Apple TV+'s ‘Dads’ celebrates fatherhood but doesn't offer anything original,"At the beginning of Dads, the new Apple TV+ documentary debuting right before Father's Day, actress Bryce Dallas Howard (in her feature directorial debut) puts a group of comedic celebrity fathers in front of a brightly colored background. From off-screen, sh…"
58,2020-06-05T17:30:00Z,S&P 500,"iPhone 12 Release Could Be Delayed, A Surprising Source Says","Every September, almost like clockwork, Apple releases a new iPhone. Based on recent comments from an unlikely source, the CEO of wireless component supplier Broadcom, the iPhone 12's release might get delayed until much later in the year.Read more..."
59,2020-07-04T02:43:44Z,S&P 500,Kimberly Guilfoyle -- Donald Trump Jr.'s girlfriend and top Trump campaign official -- tests positive for coronavirus,"Kimberly Guilfoyle has tested positive for coronavirus, a person familiar with the matter and a campaign source familiar with the matter confirmed to CNN."
60,2020-06-10T09:01:32Z,QQQ,Bitcoin has returned more profit than every top-tier tech ETF this year,"Exchange Traded Funds (ETFs) solve a critical problem for many investors: stock trading is both complicated and time consuming — so why not let someone else do it? Well, only a handful of technology-focused ETFs have actually beaten the market this year. Even…"
61,2020-06-23T16:22:29Z,QQQ,China’s about to overtake the US as the world’s best performing tech industry,"China’s tech sector is close to surpassing the US to become the world’s best-performing technology industry in 2020. Indeed, China’s tech sector is catching up. Until now, the US comfortably led the world in recovering from (and thriving in) the coronavirus p…"
62,2020-06-08T15:25:10Z,QQQ,Here’s where to hunt for stock market opportunities if you think the recession is basically over,Leaders and laggards have reversed as investors turn bullish on the economy.
63,2020-06-13T12:12:15Z,QQQ,Thursday’s selloff should embolden the stock market’s long-term bulls,History says the S&P 500 should be higher in a year’s time.
64,2020-06-15T20:34:00Z,QQQ,Outside the Box: My biggest money mistake changed me forever,Sometimes our financial regrets are personal
65,2020-06-29T08:13:11Z,QQQ,"No, THIS is how much $10K worth of dot-com bubble stock is worth today","Last week, Hard Fork published an article: Here’s what $10,000 invested at the height of the dot-com bubble would be worth today. The idea was to build what would’ve been a typical stock portfolio in the lead up to Y2K and calculate its worth today, 20 years …"
66,2020-06-08T18:31:00Z,QQQ,QQQ A Sell As Nasdaq Makes All-Time Highs,It appears that stocks are flourishing as a result of the economy reopening. Have they gone too far? Our AI technology paired with deep learning algorithms seem to think so.
67,2020-06-09T12:00:00Z,QQQ,Investing in Your 20s: 5 ETFs to Watch,In your 20s? it’s time to be aggressive. Here are five high-powered growth ETFs  to turbocharge your portfolio.
68,2020-06-03T19:04:41Z,QQQ,Market Extra: The Nasdaq trades within 2% of a record high as the unbearable lightness of the stock market continues,"After a brutal March wrecked an 11-year bull market, there seems be little doubt on Wednesday that equity markets in the U.S. are returning to bullish form again after being rocked by COVID-19."
69,2020-06-03T04:54:07Z,QQQ,Invesco QQQ ETF: The Trend Is Your Friend,"The strong rally in Invesco QQQ has caught many investors by surprise, and there is no shortness of arguments to expect another leg down in the growth-oriented"
70,2020-06-24T10:33:49Z,QQQ,Sector Trends From Long Term Pivot Analysis,The yearly pivot analysis for QQQ discussed in January has done a good job of identifying the highs and lows so far this year. The same analysis on the key eleven sectors can help investors and traders identify key turning points as the year progresses.
71,2020-06-29T15:44:01Z,QQQ,Top Tech ETFs To Watch As Markets Enter Correction Territory,"Is the prior week just a small correction, or will the downside momentum continue? Our deep learning algorithms have used Artificial Intelligence to identify some of the Technology ETFs that are expected to remain under pressure, and how they fared in the pri…"
72,2020-06-29T15:28:20Z,QQQ,SPY Rated “Unattractive” As COVID-19 Cases Continue Rising,"Last week's ETF fund flows were generally positive, with three exceptions. However, our deep learning algorithms paired with our Artificial Intelligence reveals that most of these ETFs could face some pressure and it would be advisable to exercise caution."
73,2020-06-22T16:16:22Z,QQQ,S&P 500 Rated “Unattractive” Despite Recent Weekly Gains,"Last week was a wild one, ending on a “quadruple witching” event Friday, as stock index options, stock index futures, stock options, and single stock futures expired."
74,2020-06-15T18:51:00Z,QQQ,Top ETFs To Buy As Dow Recovers From Last Week’s Selloff,"With the Fed’s expansion on the stimulus bill, things are starting to look up as we enter a new week. Our deep learning algorithms have used AI to identify which ETFs are worth buying and selling this week."
75,2020-06-08T15:00:00Z,QQQ,Top Tech ETFs For June,"With 2.5 million jobs gained in May, the economy could be ready to rebound from the lows experienced in March. Our AI systems have determined these tech ETFs are the top picks this week."
76,2020-06-21T15:06:54Z,QQQ,The Mixed Market Sentiment Wars,"Last week saw a mixed market: generally positive, but also uneven. This week, Tom Aspray takes a look at the performance in a few of the major averages and examines sentiment data to see what's in store for the week ahead."
77,2020-06-22T17:56:48Z,QQQ,Cyclical Rotation Unlikely As Coronavirus First Wave Lingers,"The new reality of a lingering COVID-19 first wave will likely reduce the quick recovery of top line revenues and return to economic potential. Going into the week, we suggest a number of strategies for hedging credit risk."
78,2020-06-16T20:03:00Z,QQQ,Ultra-Popular Tech ETFs You Should Not Ignore - Yahoo Finance,Ultra-Popular Tech ETFs You Should Not Ignore  Yahoo Finance
79,2020-06-25T19:03:00Z,QQQ,Make the Most of the Big Tech Rally With These ETFs - Yahoo Finance,Strength in major players in the technological sector leads Nasdaq to eighth day of straight gains and a record-high closing.
80,2020-06-15T15:32:33Z,MSFT,Microsoft-owned GitHub is dropping coding terms like 'master' and 'slave' (MSFT),"<ul>
<li>GitHub, the world's largest site for hosting open-source software, is working to replace the terms ""master"" and ""slave"" in code, as the Black Lives Matter movement continues to have a widespread ripple effect.</li>
<li>In programming speak, ""master"" …"
81,2020-06-19T13:00:00Z,MSFT,Meet 13 former Microsoft employees who went on to build billion-dollar companies (MSFT),"<ul>
<li>Many entrepreneurs have passed through Microsoft in the company's 45-year history, including a handful who have managed to startup businesses that are worth $1 billion or more. </li>
<li>We rounded up 13 former employees that built unicorn companies,…"
82,2020-06-09T16:07:39Z,MSFT,More than 250 Microsoft employees signed a letter asking the company to end police department contracts (MSFT),"<ul>
<li>More than 250 Microsoft employees reportedly signed a letter asking the company to end its work with police departments, support reforms in Seattle including defunding the police department, and make internal reforms to help employees through the pro…"
83,2020-07-01T16:04:12Z,MSFT,"These are the best strategies to cut cloud computing costs during the pandemic, according to experts (MSFT, AMZN, GOOG)","<ul>
<li>Companies looking to save money in the current environment of economic uncertainty should take a closer look at their cloud computing spending, experts told Business Insider.</li>
<li>As much as 35 percent of cloud spending is wasted as companies pay…"
84,2020-06-13T13:20:00Z,MSFT,"Amazon, Google, Apple, and other device makers are all working with Internet of Things researchers on new ways to protect consumer privacy (GOOG, AAPL, AMZN, MSFT)","<ul>
<li>On Friday, Dartmouth University researchers announced a new five-year study to bring more privacy protection to the Internet of Things. </li>
<li>Big tech companies will advise researchers from seven universities on how security can be built into ""sm…"
85,2020-06-16T02:14:29Z,MSFT,"GoFundMe froze $350,000 in contributions after Black Lives Matter supporters mistakenly donated to a group with the same name but a vastly different mission (AAPL, GOOG, GOOGL, MSFT)","<ul>
<li>GoFundMe has frozen $350,000 in donations to a group called Black Lives Matter Foundation after BuzzFeed News informed them the group is unaffiliated with the BLM movement.</li>
<li>The foundation's founder told BuzzFeed News it has a different missi…"
86,2020-06-22T18:46:15Z,MSFT,"Microsoft is shutting down its Twitch competitor and partnering with Facebook going forward — even after spending millions on deals with top streamers like Ninja and Shroud (MSFT, FB)","<ul>
<li>Microsoft is shutting down its Twitch competitor, Mixer, and partnering with Facebook going forward.</li>
<li>""Starting on July 22, all Mixer sites and apps will redirect users to Facebook Gaming,"" the company said in a blog post on June 22. </li>
<l…"
87,2020-06-18T21:51:45Z,MSFT,"Microsoft took a subtle dig at Apple's controversial App Store rules as the iPhone maker is getting hit with 2 antitrust probes (MSFT, AAPL)","<ul>
<li>Microsoft's Brad Smith said it's time for regulators to have a ""more focused"" discussion about how app stores are governed and whether they violate antitrust rules.</li>
<li>When speaking with Politico, Smith said app stores have created ""higher wall…"
88,2020-06-04T13:00:00Z,MSFT,The exec behind Microsoft's flagship database software says it's surpassed longtime leader Oracle thanks to a 'laser' focus on customers and building tools 'you didn't need to be a rocket scientist' to use (MSFT),"<ul>
<li>Microsoft's flagship database software used to be a runner-up to Oracle, but has gained favor among iT buyers in recent years.</li>
<li> Rohan Kumar, the Microsoft executive in charge of SQL Server, said that's because the company made changes to the…"
89,2020-06-26T18:24:31Z,MSFT,Here’s what $10K invested at the height of the dot com boom would be worth today,"20 years have passed since the dot com crash. In the five years leading up to the new millennium, feverous markets thirsty for internet stocks drove the Nasdaq Composite stock index up 400% in just five years, growth that proved unsustainable after Y2K. Casua…"
90,2020-06-23T14:51:35Z,MSFT,Key Words: Tech-backed group blasts Trump’s order on work visas as ‘full-frontal attack on American innovation and our nation’s ability to benefit from attracting talent’,Business groups are reacting to the Trump administration’s order targeting work visas.
91,2020-06-11T21:12:54Z,MSFT,"This is the PlayStation 5, coming in holiday 2020 (MSFT)","<ul>
<li>The PlayStation 5 finally got its grand reveal on June 11.</li>
<li>The new console is primarily white — a departure from the long history of black PlayStation consoles.</li>
<li>Sony says the new console will arrive this holiday. The Japanese electr…"
92,2020-06-15T23:50:06Z,MSFT,Tim Cook and other tech CEOs praise Supreme Court ruling protecting LGBTQ workers,The CEOs of some of America’s biggest tech companies praised the U.S. Supreme Court’s ruling Monday protecting LGBTQ workers from job discrimination.
93,2020-06-11T16:39:40Z,MSFT,"In One Chart: Beware of these widely held stocks when the market crisis ‘gradually, then suddenly’ emerges, fund manager warns","“In the face of a breathtaking disconnect between Main Street and Wall Street, largely based on overconfidence in free money, my sense is that there remains a crisis ahead that will emerge ‘gradually and then suddenly,’"
94,2020-06-29T08:13:11Z,MSFT,"No, THIS is how much $10K worth of dot-com bubble stock is worth today","Last week, Hard Fork published an article: Here’s what $10,000 invested at the height of the dot-com bubble would be worth today. The idea was to build what would’ve been a typical stock portfolio in the lead up to Y2K and calculate its worth today, 20 years …"
95,2020-06-16T17:41:04Z,MSFT,"Microsoft employees would rather work from physical offices than work remotely, CEO Satya Nadella says (MSFT)","<ul>
<li>Microsoft employees would rather work from dedicated workspaces in physical offices with good network connectivity than work from home, CEO Satya Nadella said Tuesday at a conference for computer vision researchers. </li>
<li>Companies should always …"
96,2020-06-05T16:44:10Z,MSFT,Microsoft execs explain how they've taken everything they've learned from the pandemic and used it to accelerate cybersecurity innovation (MSFT),"<ul>
<li>The US fight against COVID-19 began just 20 miles from Microsoft's Redmond, Washington, headquarters. </li>
<li>No other US tech company grappled with the disease locally and in its core daily business quite the same way. </li>
<li>Microsoft leaned h…"
97,2020-06-18T20:47:29Z,MSFT,Morgan Stanley laid out its predictions for a post-pandemic world — and it expects Microsoft to win big (MSFT),"<ul>
<li>Morgan Stanley told investors that it expects 12 technology trends to emerge from the pandemic, including a faster shift to the public cloud and video conferencing.</li>
<li>Microsoft is mentioned as a beneficiary is six of the trends, more than any …"
98,2020-06-25T12:09:17Z,MSFT,The ‘work-from-home’ ETF is here. Get ready for some surprises.,"The fund’s holdings are a bit of a surprise, and one observer thinks it’s a winning proposition: darlings of the 2020 post-pandemic world and some standbys that look likely to make money in good times and bad."
99,2020-06-30T15:04:01Z,MSFT,"Preserving some drilling, Pelosi and climate panel push Congress to get nation to net-zero emissions by 2050","Democrats on the House Special Committee on Climate are pushing Congress to set a national goal of net-zero emissions by 2050. It’s an agenda, they argue, that is necessary to slow the man-made consequences of a warming planet and it’s largely in step with pr…"
100,2020-06-10T10:03:30Z,AAPL,AAPL Shares Hit New All-Time Closing High,"Apple shares climbed to an all-time high at the close of Nasdaq trading on Tuesday, rising $10.53, or 3.16 percent, and hitting $343.99 per share. Apple now has a market value of almost $1.491 trillion. 





Despite a bumpy start to the year, tech stocks hav…"
101,2020-06-05T00:14:43Z,AAPL,Apple will reportedly provide optional COVID-19 tests for employees as they return to work (AAPL),"<ul>
<li>Apple will offer optional COVID-19 tests for employees as they return to the office, Bloomberg reported Thursday.</li>
<li>The company will also require temperature checks and masks, limit the number of people in crowded spaces, and keep many of its …"
102,2020-06-17T16:50:50Z,AAPL,Apple hits record high as RBC upgrade says stock can climb 11% from current levels (AAPL),"<ul>
<li>RBC Capital Markets upgraded its Apple price target to $390 from $345 on Wednesday, an 11% jump from where shares currently trade. </li>
<li>Apple shares rose nearly 1% to a fresh all-time high of $355.37 on Tuesday. </li>
<li>On Tuesday, Citi also u…"
103,2020-06-19T17:28:36Z,AAPL,Apple is re-closing some US retail stores in states where coronavirus cases have spiked (AAPL),"<ul>
<li>Apple will re-close some stores in states such as Arizona, South Carolina, North Carolina, and Florida, the company said on Friday.</li>
<li>Such states have seen upward trends in COVID-19 cases, according to Johns Hopkins University.</li>
<li>Apple …"
104,2020-06-12T14:50:23Z,AAPL,Apparent boost in analyst optimism on AAPL is not quite what it seems …,"Over the past 24 hours, there’s been a big increase in the number of analysts predicting that the value of AAPL stock will rise, but this apparent boost in optimism on AAPL is not quite as it appears …
 more…
The post Apparent boost in analyst optimism on AAP…"
105,2020-06-05T13:44:55Z,AAPL,One of Apple's suppliers just dropped a big hint that the iPhone 12 will probably be delayed (AAPL),"<ul>
<li>Broadcom's CEO has hinted that Apple's iPhone 12 could launch later than expected.</li>
<li>CEO Hock Tan said the revenue boost it usually receives from the ""ramp of next-generation phone at our large North American mobile phone customer"" isn't expec…"
106,2020-06-10T16:05:22Z,AAPL,Apple stock growth makes it the first US company to reach $1.5 trillion market cap,AAPL shares have crossed another major milestone with the market cap hitting over $1.5 trillion during trading today. The growth makes it the first US company to reach the achievement. Just last week we saw AAPL pushing closer to the $1.5 trillion market cap …
107,2020-06-05T14:33:00Z,AAPL,AAPL all-time intraday record as stock hit $326.52 earlier today,"AAPL stock has set an all-time intraday record, reaching $326.52 a short time ago.
Intraday means the highest point a stock reaches at any point between opening and closing. Typically, this point is higher than either opening or closing prices…
 more…
The pos…"
108,2020-06-18T21:51:45Z,AAPL,"Microsoft took a subtle dig at Apple's controversial App Store rules as the iPhone maker is getting hit with 2 antitrust probes (MSFT, AAPL)","<ul>
<li>Microsoft's Brad Smith said it's time for regulators to have a ""more focused"" discussion about how app stores are governed and whether they violate antitrust rules.</li>
<li>When speaking with Politico, Smith said app stores have created ""higher wall…"
109,2020-06-04T13:52:57Z,AAPL,Tim Cook published an open letter on racism after he was called out for not speaking up publicly amid protests over George Floyd's death (AAPL),"<ul>
<li>Apple CEO Tim Cook has published an open letter on racism after facing criticism for not speaking up publicly on the death of George Floyd. </li>
<li>In the letter, Cook describes a history of ""deeply rooted discrimination"" in America and says we mus…"
110,2020-06-22T22:31:13Z,AAPL,Not every Apple Watch will be able to track your sleep — here are the models that Apple just announced will get the new features in the fall (AAPL),"<ul>
<li>One of the biggest new features coming to the Apple Watch this fall is sleep-tracking, a capability that rivals like Fitbit had offered for years.</li>
<li>But the new software update will only be available for the Apple Watch Series 3, Series 4, and…"
111,2020-06-02T23:28:37Z,AAPL,A billionaire tech investor is calling out Apple CEO Tim Cook for not speaking up publicly about the company's values amid protests over George Floyd's death (AAPL),"<ul>
<li>Tech billionaire Vinod Khosla is urging Apple CEO Tim Cook to speak publicly about the company's values in light of the ongoing George Floyd protests.</li>
<li>Cook sent an internal memo to staff, which Bloomberg published in full.</li>
<li>But Khosl…"
112,2020-06-13T13:20:00Z,AAPL,"Amazon, Google, Apple, and other device makers are all working with Internet of Things researchers on new ways to protect consumer privacy (GOOG, AAPL, AMZN, MSFT)","<ul>
<li>On Friday, Dartmouth University researchers announced a new five-year study to bring more privacy protection to the Internet of Things. </li>
<li>Big tech companies will advise researchers from seven universities on how security can be built into ""sm…"
113,2020-06-16T02:14:29Z,AAPL,"GoFundMe froze $350,000 in contributions after Black Lives Matter supporters mistakenly donated to a group with the same name but a vastly different mission (AAPL, GOOG, GOOGL, MSFT)","<ul>
<li>GoFundMe has frozen $350,000 in donations to a group called Black Lives Matter Foundation after BuzzFeed News informed them the group is unaffiliated with the BLM movement.</li>
<li>The foundation's founder told BuzzFeed News it has a different missi…"
114,2020-06-22T18:38:56Z,AAPL,"Apple is letting you add a face mask to your Memoji with iOS 14, a timely addition during the coronavirus pandemic (AAPL)","<ul>
<li>On Monday, Apple kicked off WWDC, its annual developer conference, where it debuted its next major iPhone update: iOS 14.</li>
<li>With iOS 14, you'll be able to add some more customizations to your Memoji, the personalized emoji of your face. You'll…"
115,2020-06-25T14:08:18Z,AAPL,"Wedbush raises AAPL price target to $425, predicts Apple to hit $2 trillion market cap",Investment bank Wedbush has raised its AAPL price target to $425 and claims that Apple could hit a $2 trillion price valuation in 2021.
116,2020-06-23T17:06:45Z,AAPL,"UBS raises AAPL target to $400 on June performance, fall iPhone launch",Better-than-expected Apple June quarter performance and a broader coronavirus recovery have led investment bank UBS to raise their AAPL price target to $400.
117,2020-06-10T11:06:47Z,AAPL,"AAPL is over-valued now, argues long-term investor, even if future is brighter","We heard an analyst yesterday argue that Apple is under-valued given its longer-term prospects, but one long-term investor and portfolio manager believes that AAPL is over-valued right now.
Evercore ISI analyst Amit Daryanani yesterday suggested that investor…"
118,2020-06-22T14:19:39Z,AAPL,"5G iPhone cycle, ARM transition lead Cowen to raise AAPL target to $400","Investment bank Cowen is raising its AAPL price target to $400 based on new iPhone shipment forecasts, revised multiples and the impact of ARM Macs to Apple's bottom line."
119,2020-06-10T20:01:09Z,AAPL,Apple becomes first U.S. company to hit $1.5 trillion market valuation,"Apple on Wednesday became the first publicly traded U.S. company to hit a $1.5 trillion market capitalization, with shares of AAPL trading at $352.84 by the end of the day."
120,2020-07-01T16:04:12Z,AMZN,"These are the best strategies to cut cloud computing costs during the pandemic, according to experts (MSFT, AMZN, GOOG)","<ul>
<li>Companies looking to save money in the current environment of economic uncertainty should take a closer look at their cloud computing spending, experts told Business Insider.</li>
<li>As much as 35 percent of cloud spending is wasted as companies pay…"
121,2020-06-25T20:10:11Z,AMZN,Walmart gets backlash over 'All Lives Matter' and 'Irish Lives Matter' T-shirts,"Walmart is facing the heat for selling T-shirts that feature variations of the ""Black Lives Matter"" slogan, including ""All Lives Matter,"" ""Blue Lives Matter,"" ""Irish Lives Matter"" and ""Homeless Lives Matter."""
122,2020-06-10T22:12:17Z,AMZN,Amazon just announced that it's going to suspend police use of its controversial facial recognition technology for one year (AMZN),"<ul>
<li>On Wednesday, Amazon announced it would suspend police use of its controversial facial recognition technology Rekognition for one year.</li>
<li>Amazon last week put out a statement against police brutality and systemic racism, but advocates pointed …"
123,2020-06-08T23:33:00Z,AMZN,"Amazon filed a noncompete lawsuit against another cloud VP after he took a job at Google Cloud (AMZN, GOOG)","<ul>
<li>Amazon filed a noncompete lawsuit in May against Brian Hall, a former cloud marketing vice president who took a similar job at Google Cloud.</li>
<li>The company argues Hall's move places its confidential information at risk.</li>
<li>Hall, the forme…"
124,2020-06-13T13:20:00Z,AMZN,"Amazon, Google, Apple, and other device makers are all working with Internet of Things researchers on new ways to protect consumer privacy (GOOG, AAPL, AMZN, MSFT)","<ul>
<li>On Friday, Dartmouth University researchers announced a new five-year study to bring more privacy protection to the Internet of Things. </li>
<li>Big tech companies will advise researchers from seven universities on how security can be built into ""sm…"
125,2020-06-23T01:28:07Z,AMZN,"Amazon, Google, Twitter, and other tech companies are speaking out against Trump's freeze on immigrant work visas (AMZN, TWTR, GOOG, GOOGL)","<ul>
<li>Amazon, Google, Twitter, and other major tech companies are criticizing Trump's move to halt certain immigration visas.</li>
<li>The companies said it will make American firms less competitive and less diverse.</li>
<li>In an order Monday, Trump exte…"
126,2020-07-02T17:08:08Z,AMZN,Leaked emails show Amazon is delaying Prime Day again to October as concerns grow that a new COVID-19 demand spike may hit supply chains (AMZN),"<ul>
<li>Amazon is postponing its annual Prime Day shopping event to October, the third delay this year.</li>
<li>In one email sent to third-party sellers, Amazon gave a ""placeholder"" date in the week of October 5, and in another email said this date change w…"
127,2020-06-10T17:53:53Z,AMZN,These charts show how COVID-19 is helping smaller consumer brands steal share on Amazon after their giant competitors ran out of stock (AMZN),"<ul>
<li>Newer challenger brands on Amazon are showing up more often on Amazon's first-page search results after legacy brands ran out of stock during COVID-19, according to a new report by e-commerce research firm Profitero.</li>
<li>For example, the four la…"
128,2020-06-06T01:16:33Z,AMZN,Jeff Bezos responded to an 'offended' customer who wants Amazon to say All Lives Matter instead of Black Lives Matter: 'My stance won't change' (AMZN),"<ul>
<li>Amazon CEO Jeff Bezos shared an email exchange he had with a customer upset about the Black Lives Matter banner on Amazon's website.</li>
<li>Bezos wrote that the Black Lives Matter movement ""doesn't mean other lives don't matter.""</li>
<li>""I want y…"
129,2020-06-17T19:51:53Z,AMZN,"Amazon's new partnership with Slack is a 'testing ground' to get 'under the hood' and see whether it's a good fit for an acquisition, analyst says (AMZN, WORK)","<ul>
<li>Amazon's market-leading cloud business Amazon Web Services just announced a big partnership with business communications company Slack.</li>
<li>Even before to the partnership, analysts suggested Amazon could buy a company like Slack or Zoom to repla…"
130,2020-07-01T16:28:50Z,AMZN,Amazon's lawsuit against a former exec is shining a spotlight on its use of noncompete agreements — a practice that critics say is unfair and will scare away talent (AMZN),"<ul>
<li>Amazon makes new corporate employees sign a noncompete agreement saying they won't work for competitors for 18 months after they leave the company.</li>
<li>The agreements are controversial: Critics charge that with Amazon involved in everything from…"
131,2020-06-08T10:00:43Z,AMZN,Your Trading Competition,"John Roque of Wolfe Research shared an email excerpt, which I found so intriguing I am reproducing below: “We also emailed a few times with a market contact who shared an exchange he had with his son. He gave permission for us to share it here. My middle son,…"
132,2020-06-23T15:35:13Z,AMZN,"Amazon unveils a Climate Pledge Fund, which will invest an initial $2B in startups building sustainable technologies (Dana Mattioli/Wall Street Journal)","Dana Mattioli / Wall Street Journal:
Amazon unveils a Climate Pledge Fund, which will invest an initial $2B in startups building sustainable technologies  —  Tech giant plans to invest in transportation, energy, food and other industries  —  Amazon.  AMZN 2.3…"
133,2020-06-11T11:31:32Z,AMZN,The Wall Street Journal: Amazon to face antitrust charges from EU over third-party seller treatment,"The European Union plans to file formal antitrust charges against Amazon.com Inc. over the e-commerce company’s treatment of third-party sellers, according to people familiar with the matter."
134,2020-06-12T15:00:00Z,AMZN,On-Demand Warehouse Startup STORD Acquires Cove Logistics As Supply Chains Bounce Back From Pandemic Disruption,"As parts of the country began to shut down in mid-March, 22-year-old Sean Henry was finalizing his company’s first acquisition."
135,2020-06-24T17:43:06Z,AMZN,"The Tell: Here are the factors, and the stocks, that will help you play the COVID-19 market","Investors should select companies based on long-term sales growth, expected price momentum, cash position growth, and free cash flow/enterprise value, according to an analysis out Wednesday."
136,2020-06-11T16:39:40Z,AMZN,"In One Chart: Beware of these widely held stocks when the market crisis ‘gradually, then suddenly’ emerges, fund manager warns","“In the face of a breathtaking disconnect between Main Street and Wall Street, largely based on overconfidence in free money, my sense is that there remains a crisis ahead that will emerge ‘gradually and then suddenly,’"
137,2020-06-23T21:21:38Z,AMZN,What's Worth Streaming: Here’s what’s coming to Amazon Prime Video in July 2020,"Highlights include Season 2 of ‘Hanna,’ Dave Bautista’s ‘My Spy,’  and Rosamund Pike as Marie Curie"
138,2020-06-16T13:28:09Z,AMZN,Robinhood traders could learn from this growth-stock investor who’s beaten indexes by a wide margin for years,Don’t let beginner’s luck fool you into making a painful mistake. John Malooly of Wasatch Ultra Growth explains how to pick winners and prevent your portfolio from blowing up.
139,2020-06-17T16:24:28Z,AMZN,The English Premier League returns tonight with first of 92 games in just 40 days — but it’s going to look different,The English Premier League returns on Wednesday after more than three months with the first of 92 games in just 40 days.
140,2020-06-12T20:15:00Z,GS,How to Build a DIY Sound Cannon Shield,"In recent weeks, police departments across the country have used so-called “sound cannons” to control and disperse crowds of protestors. Officially known as Long Range Acoustic Devices, or LRADs, these speakers are essentially sound-based weapons that allow l…"
141,2020-06-25T20:10:26Z,GS,"Bank stocks surge after regulators ease financial crisis-era Volcker Rule (JPM, GS, BAC, C, WFC)","Xinhua/Wang Ying/ Getty Images
<ul>
<li>Bank stocks surged on Thursday after financial regulators announced they would ease the financial crisis-era Volcker Rule.</li>
<li>The Volcker Rule generally prohibited banks from engaging in proprietary trading and fr…"
142,2020-06-17T18:43:10Z,GS,Accent expert critiques American actors' British acccents,"Accent expert Amy Walker evaluates British accents by American actors in Maleficent, Ocean's Thirteen, The Iron Lady, Mrs. Doubtfire, Bridget Jones' Baby, The Parent Trap, Shakespeare in Love, and Imagine Me & You.
Image: YouTube Read the rest"
143,2020-06-22T15:11:35Z,GS,'The Last of Us Part II' is finally out — celebrate the launch with some exclusive merch,"The Last of Us Part II is finally out, and those who have been waiting patiently for seven years since the game's predecessor can breathe a sigh of relief knowing they can get their hands on it after all this time. 
While the game release is a big enough deal…"
144,2020-06-12T08:56:22Z,GS,SpaceX’s ninth Starlink launch gets a boost from first all-women weather crew - Teslarati,"<ol><li>SpaceX’s ninth Starlink launch gets a boost from first all-women weather crew  Teslarati
</li><li>Dramatic SpaceX video shows what happens when a rocket's nose cone pops off  Space.com
</li><li>SpaceX is launching 3 batches of Starlink internet sate…"
145,2020-06-26T17:37:00Z,GS,U.S./Canadian oil & gas rig count falls to record low again-Baker Hughes - Reuters,U.S. and Canadian energy firms cut the number of oil and natural gas rigs operating to a record low again this week even as higher oil prices prompt some producers to start drilling again.
146,2020-06-06T11:30:28Z,GS,Exclusive: Malaysia - Even $3 billion not enough to settle 1MDB case with Goldman,"Malaysia's new government would not be willing to accept even compensation of $3 billion from Goldman Sachs in a settlement over the 1MDB scandal, the finance minister told Reuters, ruling out a figure that is far higher than the bank offered last year."
147,2020-06-24T04:09:00Z,GS,Nikkei rises tracking Wall St rally; coronavirus worries cap gains - Reuters,"Japanese shares edged higher on Wednesday tracking gains on Wall Street overnight after upbeat economic data, although worries about a surge in coronavirus infections capped gains."
148,2020-06-26T17:39:00Z,GS,U.S./Canadian oil & gas rig count falls to record low again-Baker Hughes - Reuters UK,U.S. and Canadian energy firms cut the number of oil and natural gas rigs operating to a record low again this week even as higher oil prices prompt some producers to start drilling again.
149,2020-06-14T01:34:00Z,GS,SpaceX vs. Space Shuttle: NASA's Falcon 9 Astronauts Compare the Differences,"NASA astronauts Doug Hurley and Bob Behnken flew to the International Space Station on SpaceX's Crew Dragon. But they're also uniquely qualified to describe what it felt like, since both had also flown twice on NASA's Space Shuttle. So how did its solid-fuele…"
150,2020-06-23T15:13:00Z,GS,Lead gets lifeline as essential industries energise battery demand - Reuters UK,Demand for lead-acid batteries from hospitals and food producers seeking more backup power during the coronavirus pandemic is helping battery and lead producers weather a collapse in orders from the auto sector.
151,2020-06-24T12:02:00Z,GS,Lead gets lifeline as essential industries energise battery demand - Reuters,Demand for lead-acid batteries from hospitals and food producers seeking more backup power during the coronavirus pandemic is helping battery and lead producers weather a collapse in orders from the auto sector. For high-quality lead producers such as Glencor…
152,2020-06-05T12:00:00Z,GS,Support Black Lives Matter - GS After Dark #44,"On this week's episode of GameSpot After Dark, Tamoor Hussain sits down with Michael Higham, Jordan Ramée, and Alessandro Fillari to discuss the postponed PS5 event and how you can help those in need right now. If you have the means, please consider donating …"
153,2020-06-26T15:00:00Z,GS,Cyberpunk 2077 Hands-On Impressions - GS After Dark #47,"On this week's episode of GameSpot After Dark, Jake, Kallie, and Michael are joined by Jeff Bakalar from C|Net and the Giant Bomb Beastcast to talk about Cyberpunk 2077, Pokemon Sword & Shield: The Isle of Armor, and Hardspace: Shipbreaker."
154,2020-07-01T00:00:00Z,GS,Clinical targeting of HIV capsid protein with a long-acting small molecule,"The small molecule GS-6207, which disrupts the function of the HIV capsid protein, shows potential as a long-acting therapeutic agent for the treatment and prevention of HIV infection."
155,2020-07-01T00:00:00Z,GS,Clinical targeting of HIV capsid protein with a long-acting small molecule,"The small molecule GS-6207, which disrupts the function of the HIV capsid protein, shows potential as a long-acting therapeutic agent for the treatment and prevention of HIV infection."
156,2020-07-01T19:00:00Z,GS,"Riding Horses In The Last Of Us 2 Feels Great, Here's Why","The Last of Us Part 2 is a big, big game that excels at the little things: the way Joel raises his hand to block sunlight from his eyes, or the way Ellie marks up a map of downtown Seattle with a Sharpie.Read more..."
157,2020-06-16T21:15:00Z,GS,The Second-Gen Lexus GS's Front/Rear Symmetry Is Just Part Of Its Beauty: Slideshow,"My first impression of the second-generation Lexus GS sedan: The taillights and the headlights are the same. That’s so cool! Yes, it was the appreciation of a simpleton, but I was on the right track. The car’s aged beautifully.Read more..."
158,2020-06-03T13:31:00Z,GS,Call of Duty Mobile's Next Update Brings New Battle Royale Map And More,"According to a community update from Activision, Call of Duty Mobile will be expanding its battle royale map in the next update, bringing not only new areas for combat but also things like new vehicles. This update was scheduled to fall around June 4, roughly…"
159,2020-06-09T18:20:00Z,GS,"Call Of Duty: Modern Warfare Has Great New Maps, Including A Throwback To MW3","Update: The new update is out now, introducing both Hardhat and the new Aisle 9 map to the game, alongside other changes to both it and Warzone. You can read about everything new in the full Call of Duty May 18 update patch notes. The recent patch has also ma…"
160,2020-06-03T14:30:00Z,GOOG,Google Cloud lures two key hires from SAP and rival Amazon Web Services (GOOG),"<ul>
<li>Google Cloud just lured two veteran and well-regarded cloud executives from SAP and rival Amazon Web Services.</li>
<li>Abdul Razack, who had been SAP's chief product officer, has joined Google Cloud as vice president in charge of engineering strateg…"
161,2020-07-01T16:04:12Z,GOOG,"These are the best strategies to cut cloud computing costs during the pandemic, according to experts (MSFT, AMZN, GOOG)","<ul>
<li>Companies looking to save money in the current environment of economic uncertainty should take a closer look at their cloud computing spending, experts told Business Insider.</li>
<li>As much as 35 percent of cloud spending is wasted as companies pay…"
162,2020-06-08T23:33:00Z,GOOG,"Amazon filed a noncompete lawsuit against another cloud VP after he took a job at Google Cloud (AMZN, GOOG)","<ul>
<li>Amazon filed a noncompete lawsuit in May against Brian Hall, a former cloud marketing vice president who took a similar job at Google Cloud.</li>
<li>The company argues Hall's move places its confidential information at risk.</li>
<li>Hall, the forme…"
163,2020-06-17T21:03:49Z,GOOG,Google pledges to introduce 'racial consciousness' training for employees and boost diversity among its leadership ranks (GOOG),"<ul>
<li>Google has vowed to improve its racial equity and inclusion by outlining several concrete changes, including new training for employees.</li>
<li>CEO Sundar Pichai also promised to improve representation of underrepresented groups in the company's le…"
164,2020-06-30T21:05:20Z,GOOG,"LEAKED MEMO: Alphabet's healthcare unit Verily suspended bonuses mid-pandemic to fund diversity programs instead, frustrating employees (GOOG, GOOGL)","<ul>
<li>Google sister company Verily Life Sciences has suspended employee spot bonuses for the remainder of 2020. It says it will redirect the money into diversity and inclusion programs instead.</li>
<li>Employees aren't happy about it. In an internal lette…"
165,2020-06-08T13:37:46Z,GOOG,"Google CEO Sundar Pichai delivered a message to the class of 2020: Be open, be impatient, and be hopeful (GOOG, GOOGL)","<ul>
<li>Sundar Pichai has a message for 2020 graduates: Be open, be impatient, and be hopeful.</li>
<li>The Google and Alphabet CEO took part on Sunday in a graduation ceremony hosted by YouTube called Dear Class of 2020, which also included former President…"
166,2020-06-17T15:10:38Z,GOOG,"Here are the top 10 US colleges that tech giants such as Google, Apple, and Facebook hire from, according to new LinkedIn data (GOOG, FB)","<ul>
<li>An analysis of LinkedIn data across tech employees has discovered which universities are most popular among the biggest companies in Silicon Valley. </li>
<li>The data reveals that the University of Washington produces the highest number of graduates…"
167,2020-06-13T13:20:00Z,GOOG,"Amazon, Google, Apple, and other device makers are all working with Internet of Things researchers on new ways to protect consumer privacy (GOOG, AAPL, AMZN, MSFT)","<ul>
<li>On Friday, Dartmouth University researchers announced a new five-year study to bring more privacy protection to the Internet of Things. </li>
<li>Big tech companies will advise researchers from seven universities on how security can be built into ""sm…"
168,2020-06-16T02:14:29Z,GOOG,"GoFundMe froze $350,000 in contributions after Black Lives Matter supporters mistakenly donated to a group with the same name but a vastly different mission (AAPL, GOOG, GOOGL, MSFT)","<ul>
<li>GoFundMe has frozen $350,000 in donations to a group called Black Lives Matter Foundation after BuzzFeed News informed them the group is unaffiliated with the BLM movement.</li>
<li>The foundation's founder told BuzzFeed News it has a different missi…"
169,2020-06-12T18:59:23Z,GOOG,"Google Pay might soon become a one-stop-shop in the US, as the company reportedly plans to add merchant buttons inside the app (GOOG, GOOGL)","<ul>
<li>Google is working on a major update to Google Pay that would allow merchants to sell goods and services within the app, according to a new report.</li>
<li>The planned overhaul would turn the app into a one-stop shop in the US, replicating popular fe…"
170,2020-06-26T19:05:12Z,GOOG,"The Trump administration reportedly told Facebook and Twitter to remove posts that call for tearing down statues (FB, TWTR, SNAP, GOOG, GOOGL)","<ul>
<li>The Trump administration is reportedly pressuring social media outlets to take action against posts that encourage toppling statues and other ""criminal activity"" amid nationwide protests.</li>
<li>The Department of Homeland Security sent a series of …"
171,2020-06-30T15:58:26Z,GOOG,"Google confirms it will buy smart glasses maker North, in a move that hints at higher ambition in augmented reality tech (GOOG)","<ul>
<li>Google is acquiring smart glasses maker North, the companies have confirmed.</li>
<li>The price of the deal is unknown, although a previous report claimed Google was buying the company for $180 million</li>
<li>""North's technical expertise will help …"
172,2020-06-23T01:28:07Z,GOOG,"Amazon, Google, Twitter, and other tech companies are speaking out against Trump's freeze on immigrant work visas (AMZN, TWTR, GOOG, GOOGL)","<ul>
<li>Amazon, Google, Twitter, and other major tech companies are criticizing Trump's move to halt certain immigration visas.</li>
<li>The companies said it will make American firms less competitive and less diverse.</li>
<li>In an order Monday, Trump exte…"
173,2020-06-26T17:42:13Z,GOOG,"Google's parent Alphabet is reportedly in 'final stages' to buy smart glasses maker North, as the augmented reality race with Apple heats up (GOOG)","<ul>
<li>A new report claims Alphabet is in late-stage discussions to acquire smart glasses maker North.</li>
<li>The deal, which is said to be priced at $180 million, would see North ""stripped for parts.""</li>
<li>North reportedly struggled to sell much of i…"
174,2020-06-21T12:00:00Z,GOOG,"After years of struggling to improve company diversity, Google is vowing to make bigger strides in racial equity and inclusion. But one promise feels very unambitious. (GOOG)","<ul>
<li>This week, Google announced several changes to improve racial equity and inclusion within the company.</li>
<li>The list of commitments published by CEO Sundar Pichai included several promising concrete improvements.</li>
<li>One of those promises wa…"
175,2020-07-02T13:46:00Z,GOOG,"Google is quietly killing the Pixel 3a, its $400 Android phone that ended up being one of the best smartphones of last year (GOOG, GOOGL)","<ul>
<li>Google is discontinuing the $400 Pixel 3a, the more affordable version of its Pixel 3 phone that it launched last spring.</li>
<li>The company said it had ""completed sales"" of the phone in a statement to Android Police. </li>
<li>The phone was widely…"
176,2020-06-15T19:32:38Z,GOOG,"Apple and Google are facing pressure from New York's Attorney General to impose stricter privacy rules on contact tracing apps that are currently flooding their app stores (GOOG, APPL)","<ul>
<li>New York Attorney General Letitia James has called on Apple and Google to impose stricter rules on contact tracing apps.</li>
<li>While both companies have set out guidelines for apps built on their ""exposure notification"" API, the same rules aren't …"
177,2020-06-06T12:35:00Z,GOOG,"In a massive executive reshuffle, Google's core business may have found its next MVP. But it also comes as search and ads face a building antitrust storm (GOOG, GOOGL)","<ul>
<li>Prabhakar Raghavan has been elevated to lead Google's search business as part of a major company shakeup announced this week.</li>
<li>He will also oversee Google ads, Assistant, commerce and payments, as well as Google's Geo business.</li>
<li>It ma…"
178,2020-06-11T21:38:01Z,GOOG,"A growing number of Black Google employees are reportedly unhappy with how the company responded to the George Floyd protests, and criticized its scaling back of diversity programs (GOOG)","<ul>
<li>A growing number of Black Google employees are unhappy about the way the company has responded to the George Floyd protests, according to a new report.</li>
<li>Employees accused the company of ""consoling"" Black employees rather than working harder t…"
179,2020-06-09T07:14:00Z,GOOG,Google Meet's new AI-powered noise cancellation is incredibly effective,"Google says the feature will get even better in the future.



What you need to know


Google is rolling out a new AI-powered noise cancellation feature for G Suite customers in Google Meet.
The feature is currently available only on the web.
It is expected t…"
180,2020-07-02T05:44:31Z,FB,"Facebook is shutting down Lasso, its TikTok clone","Facebook is no longer betting on Lasso, an app it launched a year and a half ago, to take on TikTok . The social juggernaut’s TikTok clone is shutting down on July 10, Lasso alerted users on Wednesday. Launched in late 2018, Lasso was seen as Facebook’s answe…"
181,2020-06-08T13:48:57Z,FB,Plan C Live: Maker Response to Covid-19 in France,"Join Mike Senese, executive editor of Make: Magazine and Alexandre Rousselet, coordinator of regional FabLabs across France, to talk with some of the central activators, innovators, and organizers of the open source and maker response to COVID-19 in France. R…"
182,2020-06-11T17:12:42Z,FB,Joe Biden is demanding that Facebook fact-check political ads. Facebook says no. (FB),"<ul>
<li>Joe Biden's campaign has demanded that Facebook fact-check political ads and crack down on misinformation.</li>
<li>Facebook is refusing, arguing that it's up to elected officials to decide the rules on political advertising and campaigning.</li>
<li…"
183,2020-07-02T15:13:44Z,FB,Facebook is dumping its failed TikTok clone Lasso to make way for its other TikTok clone on Instagram (FB),"<ul>
<li>Users of Facebook's TikTok clone, Lasso, were told Wednesday that the app is shutting down July 10.</li>
<li>The app was first launched in November 2018 in the US, and never picked up much speed or popularity.</li>
<li>Lasso's end comes as Facebook i…"
184,2020-06-05T22:38:01Z,FB,"Facebook employees reportedly feel the company's leadership has failed, as Trump puts its limits to the test (FB)","<ul>
<li>Some Facebook employees feel like the company has been in an ""abusive relationship"" with President Trump, according to internal documents obtained by The Washington Post.</li>
<li>It's the latest sign that employee dissent is brewing at Facebook over…"
185,2020-06-18T19:17:50Z,FB,Facebook is aiming to have 30% more Black people in leadership positions within the next five years (FB),"<ul>
<li>Facebook is looking to increase the number of Black people and other people of color in leadership positions by 30% over the next five years, the company announced Thursday.</li>
<li>By 2023, Facebook said it wants to double the number of Black and L…"
186,2020-06-25T19:58:57Z,FB,Viber ends all business with Facebook as advertiser boycott intensifies,"Viber has joined a group of advertisers who have boycotted Facebook.



What you need to know


Facebook has faced an exodus of advertisers over its content moderation politics.
Viber today announced that it would join in the boycott, ending all ad spending e…"
187,2020-06-17T15:10:38Z,FB,"Here are the top 10 US colleges that tech giants such as Google, Apple, and Facebook hire from, according to new LinkedIn data (GOOG, FB)","<ul>
<li>An analysis of LinkedIn data across tech employees has discovered which universities are most popular among the biggest companies in Silicon Valley. </li>
<li>The data reveals that the University of Washington produces the highest number of graduates…"
188,2020-06-13T12:55:00Z,FB,"Facebook's former 'conscience' Chris Cox quit last year after clashing with Mark Zuckerberg. Now that he's back, employees wonder if things will be different. (FB)","<ul>
<li>Chris Cox, a beloved Facebook employee who quit a year ago amid clashes with Mark Zuckerberg, is returning.</li>
<li>Cox and Zuckerberg disagreed with the direction of the company, including on plans to more closely integrate its apps.</li>
<li>His r…"
189,2020-06-22T18:46:15Z,FB,"Microsoft is shutting down its Twitch competitor and partnering with Facebook going forward — even after spending millions on deals with top streamers like Ninja and Shroud (MSFT, FB)","<ul>
<li>Microsoft is shutting down its Twitch competitor, Mixer, and partnering with Facebook going forward.</li>
<li>""Starting on July 22, all Mixer sites and apps will redirect users to Facebook Gaming,"" the company said in a blog post on June 22. </li>
<l…"
190,2020-06-26T19:05:12Z,FB,"The Trump administration reportedly told Facebook and Twitter to remove posts that call for tearing down statues (FB, TWTR, SNAP, GOOG, GOOGL)","<ul>
<li>The Trump administration is reportedly pressuring social media outlets to take action against posts that encourage toppling statues and other ""criminal activity"" amid nationwide protests.</li>
<li>The Department of Homeland Security sent a series of …"
191,2020-06-28T00:40:00Z,FB,St. Louis Mayor Says Sorry for Doxing Protesters During Livestreamed Q&A,The mayor of St. Louis is being put on blast for reading out the full names and street addresses of demonstrators who want to defund the police during a Friday briefing on Facebook Live. She’s since apologized for what was either an unbelievably boneheaded mo…
192,2020-06-29T14:06:12Z,FB,Denny's to join Facebook ad boycott starting July 1 - Fox Business,"<ol><li>Denny's to join Facebook ad boycott starting July 1  Fox Business
</li><li>Major companies suspend social media advertising over online hate speech  CBS This Morning
</li><li>Facebook sees $60 billion in market value erased in just 2 days as adverti…"
193,2020-06-30T09:07:09Z,FB,The modern web makes me want to throw up,I've written a fair bit over the last few months on other mediums (FB and Hackernews). I'm going to start collecting some of that content and reposting it here. From here: Performance of modern web apps is simply awful compared to their native counterparts by…
194,2020-06-26T23:40:00Z,FB,UPDATE 8-Facebook will label newsworthy posts that break rules as ad boycott widens - Reuters Africa,"Facebook Inc said on Friday it will start labeling newsworthy content that violates the social media company's policies, and label all posts and ads about voting with links to authoritative information, including those from politicians."
195,2020-06-09T13:00:45Z,FB,Sheet pan storage rack that’s just right for this slim spot,"After years of using various sheet pan storage solutions, including the expandable pot lid rack, I came up with this idea to use up the dead space between my fridge and the wall. With this GNEDBY sheet pan storage rack, I’ve freed up so much more space on my …"
196,2020-06-30T20:46:45Z,FB,"Facebook says it's removed 220 FB ""Boogaloo"" groups and 95 Instagram accounts, weeks after feds said group members planned the murder of a federal agent on FB (NBC News)","NBC News:
Facebook says it's removed 220 FB “Boogaloo” groups and 95 Instagram accounts, weeks after feds said group members planned the murder of a federal agent on FB  —  Facebook announced Tuesday that it is removing groups dedicated to the Boogaloo extrem…"
197,2020-06-24T08:28:00Z,FB,CRISIL ratings for Indian debt instruments-Jun 24 - Reuters India,"Jun 24  - Below are the ratings awarded by Credit Rating Information Service of India
(CRISIL) for local debt instruments as of June 23, 2020.


COMPANY                                INSTRUMENT        RATING        AMOUNT MOVEMENT
                           …"
198,2020-06-14T04:17:43Z,FB,"FB sues Indian company, Xiaomi’s first laptop, more",Facebook sued an Indian company for domain name ‘fraud; Reliance Jio streak of multi-billion dollar investment deals continues; Xiaomi entered a new category with its first laptop launch in India whereas Google gave a sneak peak in Android 11 by releasing the…
199,2020-06-11T04:07:42Z,FB,FB is suing Indian company for domain name fraud,"It looks like an India-based proxy service company has landed in legal trouble involving Facebook. Facebook has filed a case against Compsys Domain Solutions Private limited to prevent fraud by using product names like WhatsApp, Instagram and Facebook. Christ…"
200,2020-06-14T18:37:39Z,BRK.B,"The Tell: Day trader who slammed Warren Buffett represents an ‘unholy speculative mix’ that should keep investors out of stocks, former top strategist warns",“There’s absolutely no reason to own U.S. equities right now — unless one likes low to negative future returns.”
201,2020-06-12T14:13:11Z,BRK.B,Top Ten: Weekend reads: Where should you live when you retire?,"Also, a smart move by Warren Buffett and how the financial services industry can bring in people of color."
202,2020-06-09T13:57:27Z,BRK.B,Warren Buffett made a smart move by buying more shares of Liberty Sirius XM — here’s why you might want to do the same,"Buffett and his team made a mistake by selling airlines recently, but they haven’t lost their touch."
203,2020-06-30T11:05:00Z,BRK.B,Better Buy: Berkshire Hathaway vs. JPMorgan Chase,A big thing that's bad for banks is good for Berkshire. But does that tip the scales?
204,2020-07-01T21:45:09Z,BRK.B,Berkshire Hathaway Inc. (BRK.B) Stock Sinks As Market Gains: What You Should Know,"Berkshire Hathaway Inc. (BRK.B) closed at $177.99 in the latest trading session, marking a -0.29% move from the prior day."
205,2020-06-03T18:34:37Z,BRK.B,Brett Arends's ROI: Watch out: This is the age where you should definitely stop trading stocks,Study finds the point where our money skills start falling faster than our confidence
206,2020-07-03T14:00:00Z,BRK.B,Tesla Market-Cap Bigger Than Bitcoin,"On July 2, 2020, Tesla's market-cap eclipsed Bitcoin and other digital currencies."
207,2020-07-03T16:36:04Z,BRK.B,Tesla Market-Cap Eclipses Bitcoin,"On July 2, 2020, Tesla's market-cap eclipsed Bitcoin and other digital currencies."
208,2020-06-05T21:29:13Z,BRK.B,Warren Buffett's Berkshire Hathaway Turns Up Stake In Liberty SiriusXM,Guru's firm adds to holding of the satellite radio service’s tracking stock
209,2020-06-10T16:43:42Z,BRK.B,Do Day Traders Drive The Market Now?,With commission-free trades and a wave of account openings retail investors may have a greater influence on market direction than normal.
210,2020-06-04T09:25:26Z,BRK.B,Tracking Allan Mecham's Arlington Value Capital Portfolio - Q1 2020 Update,Arlington Value Capital’s 13F portfolio value decreased from $1.47B to $688M. The number of positions increased from 15 to 16. Allan Mecham added Wayfair while
211,2020-06-04T11:07:00Z,BRK.B,Is Berkshire Hathaway a Buy While It's Down?,Investors seem to be losing faith in the Oracle of Omaha.
212,2020-06-05T15:34:55Z,BRK.B,Costco teed up as Berkshire Hathaway target,"Bloomberg suggests Warren Buffett's Berkshire Hathaway (BRK.A, BRK.B) take a much large stake in Costco (COST +0.5%).While conceding that Costco might not fall i"
213,2020-06-17T17:31:07Z,BRK.B,Johns Manville Announces New President for Insulation Systems Business - Olean Times Herald,Johns Manville Announces New President for Insulation Systems Business  Olean Times Herald
214,2020-06-23T23:01:39Z,BRK.B,Warren Buffett's Apple Sets New Record Close on WWDC Updates,Consumer electronics giant announces new operating systems and ends Intel chip partnership Continue reading...
215,2020-06-19T11:00:00Z,BRK.B,Why Is Warren Buffett Getting Crushed by the Pandemic?,What's holding back Berkshire Hathaway and the Oracle of Omaha?
216,2020-06-13T21:49:42Z,BRK.B,DOL Throws 401k Investors To The Wolves,"Last week, the U. S. Department of Labor opened the door for plan sponsors to add private equity funds to their 401(k) plans."
217,2020-06-08T14:51:32Z,BRK.B,How To Tailor Your Portfolio To Coronavirus And Recession,It's a good time to rebalance your portfolio. Here are 18 recession-resistant and Covid-19-related stocks to consider.
218,2020-07-01T12:00:00Z,BRK.B,"Robot Trucks To Roam 1,100-Mile Phoenix-Houston Corridor Set Up By TuSimple, UPS, U.S. Xpress",The San Diego-based startup says the world’s first “autonomous freight network” is an ecosystem that will help self-driving trucks come to market safely and efficiently
219,2020-06-17T17:31:14Z,BRK.B,"Johns Manville Announces New CEO, Chairman Transition | Business - Olean Times Herald","Johns Manville Announces New CEO, Chairman Transition | Business  Olean Times Herald"
